,Barangay 649,Barangay 655,Barangay 657,Barangay 658,Barangay 659,Barangay 664,Barangay 666,Barangay 667,Barangay 668,Barangay 669,Barangay 670,Barangay 676,Barangay 694,Barangay 696,Barangay 697,Barangay 699
Barangay 649,7078,1572,2346,2004,3639,971,2398,1455,964,4484,1390,778,624,655,707,951
Barangay 655,12,54,78,68,96,26,63,35,23,108,34,20,16,17,17,23
Barangay 657,4,13,43,28,55,15,36,17,11,59,18,12,9,10,9,11
Barangay 658,14,57,115,128,165,44,93,45,30,154,48,35,28,29,27,29
Barangay 659,1,4,12,7,40,8,11,6,4,21,7,6,4,4,4,4
Barangay 664,2,5,16,10,32,16,15,9,7,36,11,10,7,7,6,6
Barangay 666,3,10,31,19,50,16,45,19,13,71,22,13,10,11,10,12
Barangay 667,13,42,101,63,164,57,103,92,63,285,83,46,37,39,42,57
Barangay 668,11,36,87,54,135,46,89,75,70,293,70,44,43,45,49,66
Barangay 669,12,39,96,60,161,56,96,83,77,513,86,54,53,56,60,71
Barangay 670,10,32,96,60,161,56,91,68,49,278,100,45,36,38,37,45
Barangay 676,6,20,63,39,127,44,60,42,32,184,54,55,35,36,34,30
Barangay 694,3,9,29,18,59,21,28,20,17,86,25,25,29,27,25,19
Barangay 696,9,29,86,54,173,60,82,60,56,258,74,65,70,88,81,63
Barangay 697,9,29,74,46,148,52,70,59,55,255,63,56,60,66,82,62
Barangay 699,10,31,75,47,116,40,77,64,52,235,57,37,39,44,48,71
